id,army,size,unit,xcoord,ycoord
"1",K,"10",KJ,20.1210792505171,53.4715686769153
"13",K,"8",KJ,20.1508613441549,53.4935997663914
"7",K,"10",KJ,20.1328607768429,53.4830219254177
"4",K,"10",KJ,20.1266234981998,53.477477677735
"2",K,"10",KJ,20.1236325224762,53.4726629363263
"3",K,"10",KJ,20.1253468622202,53.4753621095403
"5",K,"10",KJ,20.1288241754598,53.4794655823318
"6",K,"10",KJ,20.1324230730785,53.481635863497
"10",K,"6",KJ,20.1469220102751,53.4900251856486
"11",K,"8",KJ,20.1478886060882,53.4911923956871
"12",K,"9",KJ,20.1506607299295,53.49511349191
"8",K,"10",KJ,20.1384597374962,53.4845174132796
"9",K,"10",KJ,20.1430921023363,53.4865600308469
"14",K,"7",KJ,20.1194013860868,53.4710944978371
"15",K,"8",KJ,20.1238513743585,53.4742313748155
"16",K,"9",KJ,20.1259304672395,53.4768940727158
"17",K,"7",KJ,20.1275353810424,53.4782254216659
"18",K,"8",KJ,20.1299427517467,53.4797756224982
"19",K,"9",KJ,20.1359794161644,53.4848456911029
"20",K,"6",KJ,20.1398457994169,53.4855387220633
"21",K,"4",KJ,20.1422896454349,53.4853563454948
"22",K,"10",KJ,20.1446605408255,53.4890768274924
"23",K,"10",KJ,20.1460830780599,53.4895874818842
"24",K,"10",KJ,20.1502777391357,53.4925055069803
"25",K,"10",KP,20.1227571149474,53.4721158066208
"26",K,"10",KP,20.1274137966634,53.4764016559808
"27",K,"10",KP,20.1310005358441,53.4799579990667
"28",K,"10",KP,20.1412683366512,53.4868153580428
"29",K,"10",KP,20.1526121592126,53.4930891119996
"35",K,"10",KJ,20.1129280178467,53.4669282831195
"36",K,"10",KJ,20.1084091637704,53.4675855709851
"37",K,"10",KJ,20.1147690212466,53.4793683148285
"38",K,"10",KJ,20.1230610758949,53.4887303120121
"39",K,"10",KJ,20.1274381135391,53.491064732089
"40",K,"1",KM,20.1233923933277,53.4865053178763
"41",K,"10",KJ,20.11092695487,53.4849125625113
"42",K,"10",KJ,20.1093706748187,53.4824322411795
"43",K,"10",KJ,20.1061908172238,53.4848393774583
"44",K,"10",KJ,20.1031508608452,53.4841820895927
"45",K,"10",KJ,20.1008503533155,53.4776913719194
"46",K,"10",KJ,20.0988784897185,53.4789237866675
